{
    "biases": [
        [
            3.0546947561447206,
            2.453317897273679
        ],
        [
            -4.394932181673096,
            6.408148286114764
        ],
        [
            -0.519511345510699
        ]
    ],
    "srStrata": 7.117867640483673e-06,
    "weights": [
        [
            [
                -6.225086388394359,
                7.777375650548191
            ],
            [
                4.640379596724136,
                -4.738739084474156
            ]
        ],
        [
            [
                2.858489419277662,
                3.6383645129335758
            ],
            [
                -4.718220486999979,
                -4.349495548468814
            ]
        ],
        [
            [
                -7.617441397681449,
                10.504201316890603
            ]
        ]
    ]
}